Python Ver	Numpy Ver	CPU Cores	Main Memory (GB)	OS	[AXIS]:Cores (#)	[AXIS]:Data Size (MB)	[MEASUREMENT]:Total Time (s)	[MEASUREMENT]:PyAPI Memory (MB)	[MEASUREMENT]:PyAPI Time (s)
2.7.6	1.8.2	8	8	Ubuntu 14.04 trusty	1	1.0	156.361644983	4.005368	0.094952
2.7.6	1.8.2	8	8	Ubuntu 14.04 trusty	2	1.0	92.6177458763	4.010736	0.067274
2.7.6	1.8.2	8	8	Ubuntu 14.04 trusty	3	1.0	65.9050369263	4.016104	0.048507
2.7.6	1.8.2	8	8	Ubuntu 14.04 trusty	4	1.0	61.2100589275	4.021472	0.049694
2.7.6	1.8.2	8	8	Ubuntu 14.04 trusty	5	1.0	64.0042459965	4.02684	0.056508
2.7.6	1.8.2	8	8	Ubuntu 14.04 trusty	6	1.0	60.9761312008	4.032208	0.051712
2.7.6	1.8.2	8	8	Ubuntu 14.04 trusty	7	1.0	60.7650039196	4.037576	0.055781
2.7.6	1.8.2	8	8	Ubuntu 14.04 trusty	8	1.0	60.0710370541	4.042944	0.057923
