Peak Memory Usage (Bytes)	Execution Time (s)
1034538	0.014006
1001218	0.012476
1001218	0.010988
1001218	0.010227
1001218	0.009639
1012034	0.010615
1001218	0.009397
1001218	0.012881
1001218	0.008998
1001218	0.013087
